{
  "document": {
    "title": "Sample Ballot",
    "locale": "en-PH",
    "unique_id": "BAL-2025-0000123",
    "layout": "2-col"
  },
  "sections": [
    {
      "type": "multiple_choice",
      "code": "PRESIDENT",
      "title": "President of the Philippines",
      "maxSelections": 1,
      "layout": "2-col",
      "choices": [
        {
          "code": "P-A1",
          "label": "Candidate A"
        },
        {
          "code": "P-A2",
          "label": "Candidate B"
        },
        {
          "code": "P-A3",
          "label": "Candidate C"
        }
      ]
    }
  ]
}